model,gamma_mult,n_components,C,warn_folds,seconds,roc_auc,pr_auc,tuned_cost,honest_cost,honest_fp,honest_fn
RBF-Nystroem+LinearSVC,0.03,1000,10,0,163.6,0.9846,0.8061,46280,47550,2005,55
RBF-Nystroem+LinearSVC,0.1,1000,1,0,84.2,0.984,0.7765,47920,48780,1978,58
RBF-Nystroem+LinearSVC,0.1,1000,10,0,122.1,0.9828,0.8126,49230,50990,1899,64
RBF-Nystroem+LinearSVC,0.03,1000,1,0,87.7,0.9827,0.7482,51710,53090,2959,47
RBF-Nystroem+LinearSVC,0.3,1000,1,0,117.3,0.9824,0.7691,52150,54520,2252,64
RBF-Nystroem+LinearSVC,0.1,300,1,0,56,0.9831,0.7482,53370,55300,2280,65
RBF-Nystroem+LinearSVC,0.03,300,1,0,60,0.9818,0.7346,55940,57600,3360,48
RBF-Nystroem+LinearSVC,1,1000,1,0,178,0.9757,0.6701,58550,59050,2555,67
RBF-Nystroem+LinearSVC,0.01,1000,1,0,88.5,0.9798,0.7125,64260,66950,3895,56
RBF-Nystroem+LinearSVC,0.01,300,1,0,42.8,0.9793,0.7073,65730,69600,3810,63
