model,max_depth,min_samples_leaf,seconds,distinct_scores,roc_auc,pr_auc,tuned_cost,honest_cost,honest_fp,honest_fn
DecisionTree,12.0,200,69.9,91,0.9643683389830507,0.6355669206388318,57380,58580,3158,54
DecisionTree,8.0,50,51.7,134,0.9627007966101696,0.7177359875141602,58920,59520,2652,66
DecisionTree,8.0,200,57.8,79,0.9599315084745763,0.6341233283552257,58880,60080,3108,58
DecisionTree,8.0,500,57.8,54,0.970885686440678,0.4556969652281297,57010,61410,3341,56
DecisionTree,12.0,500,66.3,60,0.9716213644067796,0.45537648028441885,58060,62460,3346,58
DecisionTree,12.0,100,71.9,114,0.9477807288135593,0.6876237698866992,62890,64450,3045,68
DecisionTree,12.0,50,70.8,154,0.9463365932203389,0.7182077769383989,63550,64870,2437,81
DecisionTree,,50,97.4,161,0.9587368135593222,0.7209399507111088,63540,65630,2763,76
DecisionTree,8.0,100,46.2,101,0.9570851355932203,0.6875867273649402,62620,66300,2630,80
DecisionTree,5.0,50,71.4,81,0.9395673728813558,0.6815620588595745,77090,77630,1763,120
DecisionTree,8.0,5,7657.0,79,0.9052602372881358,0.6952314385834908,86710,86800,1630,141
DecisionTree,5.0,5,55.1,68,0.918836313559322,0.6772456523202446,85000,90280,1228,156
DecisionTree,3.0,50,55.9,40,0.9206199915254237,0.6129827029629569,91120,91540,1254,158
DecisionTree,3.0,5,41.8,38,0.9207107118644067,0.6259153345026175,91120,91540,1254,158
DecisionTree,12.0,5,66.9,61,0.8807962372881357,0.6629506591927176,96200,97120,1962,155
DecisionTree,,5,117.7,28,0.8892121271186441,0.6384556011123739,115030,115480,698,217
