model,C,class_weight,seconds,warn_folds,roc_auc,pr_auc,tuned_cost,honest_cost,honest_fp,honest_fn
LinearSVC,1.0,,57.2,0,0.9855,0.8371,44640,45100,2110,48
LinearSVC,0.003,balanced,148.0,0,0.9862,0.7772,44980,45450,2245,46
LinearSVC,30.0,,212.6,0,0.9851,0.8345,45660,46110,1811,56
LinearSVC,100.0,,160.8,0,0.985,0.8342,45660,46150,1815,56
LinearSVC,0.1,,51.0,0,0.986,0.8367,45710,46180,1868,55
LinearSVC,10.0,,117.3,0,0.9851,0.835,45760,47180,1968,55
LinearSVC,3.0,,55.1,0,0.9853,0.8361,45930,48570,2257,52
LinearSVC,0.001,balanced,151.7,0,0.986,0.763,45570,49130,2713,44
LinearSVC,0.01,balanced,77.1,0,0.9859,0.7842,47310,50040,2104,58
LinearSVC,0.1,balanced,80.2,0,0.9838,0.7807,50270,53830,2033,67
LinearSVC,0.01,,37.9,0,0.985,0.8155,50470,54580,2008,69
LinearSVC,1.0,balanced,129.6,0,0.9827,0.7747,52050,54640,2114,67
